{"HorizonLayout":[{"parallax":true,"enableParallax":true,"isHorizontal":false,"marginLeft":0,"layout":"bannerImage","fit":"fitWidth","marginRight":0,"parallaxImageRatio":3.1,"design":"static","marginBottom":0,"items":[{"image":"https://i.imgur.com/2v6bW2L.jpeg","padding":0,"bannerWithProduct":false,"description":{"fontFamily":"Roboto","color":"ffffffff","x":-0.9,"y":0.8999999999999999,"fontSize":16,"text":"Book directly from local suppliers.","enableShadow":false},"showSubcategory":false,"video":"","radius":0,"defaultShowProduct":false,"products":[]}],"marginTop":0,"height":0.15},{"rotate":[],"usePrimaryColor":true,"paddingRight":15,"title":"What Are Your Interests?","type":"static","marginRight":15,"paddingBottom":0,"showSearch":true,"borderInput":false,"paddingTop":0,"isSafeArea":false,"radius":30,"fontWeight":0,"height":48,"minWidth":0,"backgroundGradientColor":[],"marginLeft":15,"layout":"header_search","textOpacity":0.8,"fontSize":16,"marginBottom":15,"alignment":"centerLeft","paddingLeft":10,"marginTop":15,"font":"Roboto"},{"line":false,"columns":2,"type":"icon","showShortDescription":true,"marginRight":10,"imageSpacing":0,"spacing":12,"gradientStyle":false,"radius":50,"labelFontSize":14,"separateWidth":8,"noBackground":false,"imageBorderColor":"ffffffff","marginX":4,"marginLeft":10,"marginY":4,"layout":"category","paddingX":0,"imageBorderStyle":"solid","imageBorderWidth":0.2,"size":1.2,"hideTitle":false,"marginBottom":0,"horizontalItem":true,"wrap":true,"items":[{"image":"https://i.imgur.com/lv0fTGc.png","showDescription":false,"originalColor":false,"keepDefaultTitle":true,"onSale":false,"title":"Sedan","isFeatured":false,"colors":["#ffff4b00","#ff852700"],"productType":false},{"image":"https://i.imgur.com/6RoNlWS.png","showDescription":false,"originalColor":false,"keepDefaultTitle":true,"onSale":false,"title":"Luxury","isFeatured":false,"colors":["#ffff4b00","#ff852700"],"productType":false},{"image":"https://i.imgur.com/bop8lRO.png","showDescription":false,"originalColor":false,"keepDefaultTitle":true,"onSale":false,"title":"SUV","isFeatured":false,"colors":["#ffff4b00","#ff852700"],"productType":false},{"image":"https://i.imgur.com/yTXrzQN.png","showDescription":false,"originalColor":false,"keepDefaultTitle":true,"onSale":false,"title":"Sport","isFeatured":false,"colors":["#ffff4b00","#ff852700"],"productType":false}],"marginTop":0,"paddingY":0},{"rotate":["VinFast","Mercedes","Land Rover","BMW","Nissan","KIA","Lamborghini","Toyota","Porsche","Rolls Royce","Bentley","Audi","Hyundai","Mitsubishi","Chevrolet","Testla"],"usePrimaryColor":true,"paddingRight":0,"title":"Rent A Car From Top Brands:","type":"color","marginRight":0,"paddingBottom":0,"showSearch":false,"borderInput":false,"paddingTop":0,"isSafeArea":false,"fontWeight":400,"height":43.7,"minWidth":0,"backgroundGradientColor":[],"marginLeft":0,"layout":"header_text","textOpacity":1,"fontSize":18,"marginBottom":0,"alignment":"centerLeft","paddingLeft":16,"marginTop":8,"font":"Roboto"},{"line":false,"columns":4,"type":"icon","showShortDescription":true,"marginRight":8,"imageSpacing":3,"spacing":4,"gradientStyle":false,"radius":50,"labelFontSize":16,"separateWidth":42,"noBackground":true,"marginX":0,"marginLeft":8,"marginY":8,"layout":"category","paddingX":0,"imageBorderStyle":"solid","imageBorderWidth":0,"size":2,"hideTitle":false,"marginBottom":10,"horizontalItem":false,"wrap":true,"items":[{"image":"https://i.imgur.com/t3pw6Ok.png","showDescription":false,"originalColor":true,"keepDefaultTitle":true,"onSale":false,"title":"VinFast","isFeatured":false,"colors":["#333333"],"productType":false},{"image":"https://i.imgur.com/twUj1xj.png","showDescription":false,"originalColor":true,"keepDefaultTitle":true,"onSale":false,"title":"Testla","isFeatured":false,"colors":["#333333"],"productType":false},{"image":"https://i.imgur.com/ZICcMZ3.png","showDescription":false,"originalColor":true,"keepDefaultTitle":true,"onSale":false,"title":"Mercedes","isFeatured":false,"colors":["#333333"],"productType":false},{"image":"https://i.imgur.com/PY1RsS6.png","showDescription":false,"originalColor":true,"keepDefaultTitle":true,"onSale":false,"title":"BMW","isFeatured":false,"colors":["#333333"],"productType":false},{"image":"https://i.imgur.com/NYJaJtT.png","showDescription":false,"originalColor":true,"keepDefaultTitle":true,"onSale":false,"title":"Toyota","isFeatured":false,"colors":["#333333"],"productType":false},{"image":"https://i.imgur.com/YC8DSJf.png","showDescription":false,"originalColor":true,"keepDefaultTitle":true,"onSale":false,"title":"Porsche","isFeatured":false,"colors":["#333333"],"productType":false},{"image":"https://i.imgur.com/XOEgs9L.png","showDescription":false,"originalColor":true,"keepDefaultTitle":true,"onSale":false,"title":"Rolls Royce","isFeatured":false,"colors":["#333333"],"productType":false},{"image":"https://i.imgur.com/7YYgI71.png","showDescription":false,"originalColor":true,"keepDefaultTitle":true,"onSale":false,"title":"Bentley","isFeatured":false,"colors":["#333333"],"productType":false},{"image":"https://i.imgur.com/B5blMoj.png","showDescription":false,"originalColor":true,"keepDefaultTitle":true,"onSale":false,"title":"Audi","isFeatured":false,"colors":["#333333"],"productType":false},{"image":"https://i.imgur.com/0WlkrEX.png","showDescription":false,"originalColor":true,"keepDefaultTitle":true,"onSale":false,"title":"Hyundai","isFeatured":false,"colors":["#333333"],"productType":false},{"image":"https://i.imgur.com/w5qECmQ.png","showDescription":false,"originalColor":true,"keepDefaultTitle":true,"onSale":false,"title":"Mitsubishi","isFeatured":false,"colors":["#333333"],"productType":false},{"image":"https://i.imgur.com/4SeM54E.png","showDescription":false,"originalColor":true,"keepDefaultTitle":true,"onSale":false,"title":"Chevrolet","isFeatured":false,"colors":["#333333"],"productType":false}],"marginTop":8,"paddingY":0},{"parallax":false,"doubleTapToFullScreen":false,"isHorizontal":false,"fit":"fitWidth","isBlur":false,"parallaxImageRatio":1.2,"showNumber":false,"design":"stack","showBackground":false,"radius":6.8,"enableTimeIndicator":true,"intervalTime":3,"padding":8,"upHeight":0,"pageIndicatorType":"line","isSlider":true,"isSoundOn":false,"enableParallax":false,"autoPlayVideo":false,"layout":"bannerImage","marginBottom":8,"autoPlay":true,"items":[{"image":"https://i.imgur.com/ECopnp7.jpeg","bannerWithProduct":false,"showSubcategory":false,"video":"","defaultShowProduct":false,"products":[]},{"image":"https://i.imgur.com/fO7nE6Y.jpeg","bannerWithProduct":false,"showSubcategory":false,"video":"","defaultShowProduct":false,"products":[]},{"image":"https://i.imgur.com/CBYir77.jpeg","bannerWithProduct":false,"showSubcategory":false,"video":"","defaultShowProduct":false,"products":[]}],"marginTop":16},{"showCartIcon":true,"imageBoxfit":"fitWidth","showStockStatus":true,"backgroundBoxFit":"cover","hideEmptyProductLayout":false,"titleLine":2,"showCountDown":false,"parallax":false,"columns":3,"hideStore":false,"vPadding":2,"showQuantity":false,"showHeart":true,"hMargin":3,"parallaxImageRatio":1.2,"showCartButtonWithQuantity":false,"vMargin":0,"showOnlyImage":false,"limit":20,"onSale":false,"productType":false,"image":"","productListItemHeight":115.99999999999999,"showCartIconColor":false,"hPadding":1,"hidePrice":false,"rows":1,"enableBottomAddToCart":true,"layout":"twoColumn","enableRating":true,"imageRatio":0.9000000000000001,"borderRadius":0,"hideTitle":false,"cardDesign":"card","backgroundRadius":10,"isSnapping":false,"showCartButton":false,"name":"Latest Car Rental Offers","cartIconRadius":9,"enableAutoSliding":false,"category":"78","hideEmptyProductListRating":false,"backgroundWidthMode":false},{"layout":"spacer","backgroundColor":null,"useLightColor":false,"height":96}],"Setting":{"TabBarConfig":{"boxShadow":{"spreadRadius":2,"colorOpacity":0.1,"blurRadius":16,"x":0,"y":0},"enableOnTop":false,"color":null,"radiusTopLeft":24,"paddingRight":0,"radiusTopRight":24,"TabBarIndicator":{"strokeWidth":0,"color":null,"horizontalPadding":0,"topRightRadius":4,"tabPosition":"bottom","bottomRightRadius":4,"bottomLeftRadius":4,"topLeftRadius":4,"paintingStyle":"fill","distanceFromCenter":0,"radius":0,"verticalPadding":0,"height":4},"showMinimize":false,"marginRight":0,"enableDivider":false,"paddingBottom":0,"indicatorStyle":"material","enable":true,"radiusBottomRight":0,"iconSize":22,"showFloatingClip":true,"paddingTop":4,"isSafeArea":true,"TabBarFloating":{"elevation":2,"color":null,"width":50,"floatingType":"circle","location":null,"isCoverMode":false,"position":0,"notchMargin":4,"radius":50,"height":50},"showFloating":false,"colorActiveIcon":null,"colorCart":null,"radiusBottomLeft":0,"alwaysShowTabBar":false,"marginLeft":0,"colorIcon":null,"marginBottom":0,"paddingLeft":0,"marginTop":0},"FontFamily":"Roboto","FontHeader":"Roboto","ProductDetail":"simpleType","MainColor":null,"ShowChat":true,"ProductListLayout":"list","SmartEngagementBanner":{"popup":{"closePosition":"topRight","enable":false,"alwaysShowUponOpen":true},"flexible":{"canClose":true,"enable":false,"width":100,"canDrag":true,"height":100},"sticky":{"data":{"layout":"button","marginBottom":0,"alignment":"topCenter","items":[{"marginRight":0,"textFontSize":18,"useMaxWidth":true,"borderRadius":17,"width":100,"navigator":{"fullscreen":true,"screen":"login","showSubcategory":false},"text":"Log in now to unlock exclusive deals","height":48,"marginLeft":0}],"marginTop":0,"key":"VtIlqHbAiB"},"enable":false}},"StickyHeader":false},"TabBar":[{"layout":"home","fontFamily":"CupertinoIcons","visible":true,"fullscreen":false,"pos":100,"defaultTab":true,"icon":"car_detailed","key":"sCzHQRWGMY"},{"key":"IDKCeiIRdB","layout":"category","icon":"line_horizontal_3","fontFamily":"CupertinoIcons","pos":200,"defaultTab":false,"fullscreen":false,"categoryLayout":"sideMenu","categories":["78"],"parallax":false,"parallaxImageRatio":1.2},{"layout":"dynamic","configs":{"HorizonLayout":[{"rotate":[],"usePrimaryColor":true,"paddingRight":8,"title":"Search Car Rentals","type":"static","marginRight":16,"paddingBottom":0,"pos":100,"showSearch":true,"borderInput":false,"paddingTop":0,"isSafeArea":false,"radius":30,"fontWeight":400,"height":48,"minWidth":0,"backgroundGradientColor":[],"marginLeft":16,"layout":"header_search","textOpacity":0.8,"fontSize":16,"marginBottom":16,"alignment":"centerLeft","paddingLeft":8,"marginTop":16,"font":"Roboto"},{"showCartIcon":true,"imageBoxfit":"cover","showStockStatus":true,"hideEmptyProductLayout":false,"showCountDown":false,"parallax":false,"columns":3,"hideStore":false,"vPadding":2,"showQuantity":false,"showHeart":false,"hMargin":6,"parallaxImageRatio":1.2,"showCartButtonWithQuantity":false,"vMargin":0,"showOnlyImage":false,"pos":200,"onSale":false,"productType":false,"image":"","productListItemHeight":125,"showCartIconColor":false,"hPadding":6,"hidePrice":false,"rows":1,"enableBottomAddToCart":true,"layout":"recentView","enableRating":true,"imageRatio":1.2,"borderRadius":3,"hideTitle":false,"cardDesign":"card","backgroundRadius":10,"isSnapping":false,"showCartButton":false,"name":"Recent View","cartIconRadius":9,"enableAutoSliding":false,"hideEmptyProductListRating":false},{"parallax":false,"doubleTapToFullScreen":false,"isHorizontal":false,"fit":"fitWidth","marginRight":null,"isBlur":true,"parallaxImageRatio":1.2,"pos":300,"showNumber":false,"design":"default","showBackground":true,"radius":0,"enableTimeIndicator":false,"key":"rrvGSwpClg","intervalTime":3,"padding":0,"upHeight":0,"pageIndicatorType":"line","isSlider":true,"isSoundOn":false,"enableParallax":false,"autoPlayVideo":true,"marginLeft":null,"layout":"bannerImage","marginBottom":0,"autoPlay":false,"items":[{"image":"https://i.imgur.com/3H6QWfG.jpeg","bannerWithProduct":false,"showSubcategory":false,"video":"https://mstore.io/wp-content/uploads/2023/10/pexels-taryn-elliott.mp4","defaultShowProduct":false,"products":[]}],"marginTop":0},{"marginRight":0,"layout":"sliderTestimonial","pos":400,"marginBottom":0,"type":"swiper","autoPlay":true,"items":[{"testimonial":"Highly recommend! Seamless process, friendly staff, and excellent car condition. A top-notch experience!","boxShadow":{"spreadRadius":4,"colorOpacity":0.1,"blurRadius":10,"x":0,"y":0},"backgroundColor":"beff4b00","rating":5,"type":"card","authorInTop":false,"marginLeft":0,"marginRight":0,"major":"","isLeft":true,"borderRadius":5,"borderWidth":0,"name":"John D","marginBottom":0,"marginTop":16},{"testimonial":"Easy booking, clean car, and great service. This is my go-to choice!","boxShadow":{"spreadRadius":4,"colorOpacity":0.09999999999999999,"blurRadius":10,"x":0,"y":0},"backgroundColor":"bfff4b00","rating":5,"type":"card","authorInTop":false,"marginLeft":0,"marginRight":0,"major":"","isLeft":true,"borderRadius":5,"borderWidth":0,"name":"Sarah M","marginBottom":0,"marginTop":16},{"testimonial":"Exceptional service from start to finish. Clean car, friendly staff, and no issues. ","boxShadow":{"spreadRadius":4,"colorOpacity":0.09999999999999999,"blurRadius":10,"x":0,"y":0},"backgroundColor":"bfff4b00","rating":5,"type":"card","authorInTop":false,"marginLeft":0,"marginRight":0,"major":"","isLeft":true,"borderRadius":5,"borderWidth":0,"name":"David L","marginBottom":0,"marginTop":16},{"testimonial":"Impressive car selection, competitive rates, and hassle-free rental process. It exceeded my expectations","boxShadow":{"spreadRadius":4,"colorOpacity":0.09999999999999999,"blurRadius":10,"x":0,"y":0},"backgroundColor":"bfff4b00","rating":5,"type":"card","authorInTop":false,"marginLeft":0,"marginRight":0,"major":"","isLeft":true,"borderRadius":5,"borderWidth":0,"name":"Michael W","marginBottom":0,"marginTop":16}],"marginTop":0,"key":"KyCNmbFbyZ","marginLeft":0,"intervalTime":6,"height":256}]},"fontFamily":"CupertinoIcons","visible":true,"fullscreen":false,"pos":400,"defaultTab":false,"icon":"search","key":"LRRatzQJCy"},{"layout":"wishlist","fullscreen":false,"pos":500,"defaultTab":false,"icon":"assets/icons/tabs/icon-heartthin.png","key":"mUCwqESwBE"},{"settings":["wishlist","notifications","language","privacy","button-kquxt5aqhk"],"visible":true,"defaultTab":false,"icon":"person","drawerIcon":{"fontFamily":"MaterialIcons","icon":"blur_on_rounded"},"layout":"profile","styleItem":"flatListTile","fontFamily":"CupertinoIcons","fullscreen":false,"pos":600,"background":"https://i.imgur.com/Bz55FW3.jpeg","showBackground":true,"subGeneralSetting":{"button-kquxt5aqhk":{"buttonAlignment":"center","buttons":[{"textFontSize":14,"marginRight":5,"image":"https://i.imgur.com/ClOOBqi.png","width":40,"navigator":{"url_launch":"","showSubcategory":false},"radius":0,"marginLeft":5,"height":40},{"textFontSize":14,"marginRight":5,"image":"https://i.imgur.com/zNShP5t.png","width":40,"navigator":{"url_launch":"","showSubcategory":false},"radius":0,"marginLeft":5,"height":40},{"textFontSize":14,"marginRight":5,"image":"https://i.imgur.com/sZ00KZB.png","width":40,"navigator":{"url_launch":"","showSubcategory":false},"radius":0,"marginLeft":5,"height":40},{"textFontSize":14,"marginRight":5,"image":"https://i.imgur.com/qqIeBuw.png","width":40,"navigator":{"url_launch":"","showSubcategory":false},"radius":0,"marginLeft":5,"height":40}]}},"key":"cFSRKVpnjt"}],"Drawer":{"filter":0.6,"logoConfig":{"marginRight":0,"width":500,"boxFit":"contain","marginBottom":10,"marginTop":27,"height":108,"marginLeft":5},"colorFilter":"ff000000","enable":true,"backgroundImage":"https://i.imgur.com/PpMqtay.jpeg","iconColor":"ffff4b00","subDrawerItem":{},"safeArea":true,"items":[{"show":true,"type":"home"},{"show":true,"type":"blog"},{"show":false,"type":"categories"},{"show":true,"type":"profile"},{"show":false,"type":"login"},{"show":true,"type":"category"}],"textColor":"ffffffff","key":"ItVfoGdOgU","zoomConfig":{"borderRadius":16,"backgroundImage":null,"angle":0,"style":"3Din","slideMargin":0,"mainScreenScale":0.3,"enableShadow":false,"slideWidth":0.5}},"AppBar":{"elevation":0,"pinned":false,"showOnScreens":["home"],"enable":true,"floating":true,"alwaysShowAppBar":false,"expandedItems":[],"items":[{"spacingText":3,"paddingRight":0,"icon":"car_detailed","type":"image","marginRight":0,"avatarRadius":100,"headerFontWeight":"400","fontFamily":"CupertinoIcons","paddingBottom":4,"headerFontSize":16,"pos":300,"action":"menu","iconSize":24,"paddingTop":4,"radius":0,"fontWeight":"400","key":"CkHlOFGSQp","height":56,"image":"https://trello.com/1/cards/65097605c8c7eddccf487d96/attachments/6530c929db35e224c6c53c48/download/animation_lnwsdfy5.json","headerTextOpacity":0.5,"imageBoxFit":"fill","marginLeft":0,"size":44,"width":56,"textOpacity":0.5,"fontSize":16,"marginBottom":4,"alignment":"center","paddingLeft":0,"marginTop":4},{"spacingText":3,"paddingRight":0,"icon":"person","type":"text","title":"<i>CarRental</i>","marginRight":0,"avatarRadius":100,"headerFontWeight":"400","fontFamily":"CupertinoIcons","paddingBottom":4,"headerFontSize":16,"pos":400,"action":"menu","iconSize":24,"paddingTop":4,"radius":24,"fontWeight":"600","key":"BDgtAIRcjn","headerTextOpacity":0.5,"marginLeft":0,"size":44,"textOpacity":1,"fontSize":24,"marginBottom":4,"alignment":"centerLeft","paddingLeft":0,"marginTop":4},{"spacingText":3,"paddingRight":4,"icon":"person","type":"space","marginRight":4,"avatarRadius":100,"headerFontWeight":"400","fontFamily":"CupertinoIcons","paddingBottom":4,"headerFontSize":16,"pos":500,"action":"none","iconSize":24,"paddingTop":4,"radius":24,"isCustomSpace":true,"fontWeight":"400","key":"diwWSBMQYo","headerTextOpacity":0.5,"marginLeft":4,"size":48,"textOpacity":0.5,"fontSize":16,"marginBottom":4,"alignment":"center","paddingLeft":4,"marginTop":4},{"spacingText":3,"paddingRight":4,"icon":"person","type":"avatar","marginRight":4,"avatarRadius":100,"headerFontWeight":"400","defaultAvatar":"https://i.imgur.com/POiSzc1.png","fontFamily":"CupertinoIcons","paddingBottom":4,"headerFontSize":16,"pos":600,"action":"none","iconSize":24,"paddingTop":4,"radius":24,"fontWeight":"400","key":"AQIqBxfrgS","height":40,"headerTextOpacity":0.5,"marginLeft":4,"size":44,"width":40,"textOpacity":0.5,"fontSize":16,"marginBottom":4,"alignment":"center","paddingLeft":4,"marginTop":4}],"snap":true},"overrideTranslation":{"startShopping":"Book Now","searchForItems":"Search Car Rentals","@@locale":"en","category":"Car Brands","myWishList":"My Dream Cars"}}